{
  "train_loss": [
    1.311470478773117
  ],
  "val_loss": [
    1.7215993404388428
  ],
  "train_acc": [
    0.6953125
  ],
  "val_acc": [
    0.78125
  ]
}